Matricule,DEPARTURE_TIME,ARRIVAL_TIME,AIRPORT_C_IS_DEP,CREDIT,CORPS,SENIORITY,ISSENIOR,Date
14823   ,0000,2359,TUN,0,PNC,14823,,7/1/2022
14806   ,0000,2359,MIR,8.4,PNC,14806,,7/1/2022
07514   ,0000,2359,MIR,11.35,PNC,7514,,7/1/2022
13785   ,0000,2359,MIR,12.21,PNC,13785,,7/1/2022
12974   ,0000,2359,MIR,12.28,PNC,8888,,7/1/2022
12946   ,0000,2359,MIR,13.33,PNC,12946,,7/1/2022
12939   ,0000,2359,MIR,13.35,PNC,12939,,7/1/2022
10455   ,0000,2359,MIR,14.7,PNC,10455,,7/1/2022
12931   ,0000,2359,MIR,15.1,PNC,12931,,7/1/2022
13344   ,0000,2359,MIR,15.4,PNC,13344,,7/1/2022
10226   ,0000,2359,MIR,15.45,PNC,10226,,7/1/2022
12949   ,0000,2359,MIR,15.48,PNC,12949,,7/1/2022
07521   ,0000,2359,MIR,15.5,PNC,7521,,7/1/2022
07547   ,0000,2359,MIR,15.5,PNC,7547,,7/1/2022
07532   ,0000,2359,MIR,15.5,PNC,7532,,7/1/2022
14395   ,0000,2359,MIR,16.3,PNC,14395,,7/1/2022
14739   ,0000,2359,MIR,16.35,PNC,14739,,7/1/2022
12398   ,0000,2359,MIR,16.45,PNC,12398,,7/1/2022
13784   ,0000,2359,MIR,17.1,PNC,13784,,7/1/2022
13349   ,0000,2359,MIR,17.15,PNC,13349,,7/1/2022
15093   ,0000,2359,MIR,17.3,PNC,15093,,7/1/2022
12926   ,0000,2359,MIR,17.5,PNC,12926,,7/1/2022
14772   ,0000,2359,MIR,17.55,PNC,14772,,7/1/2022
07612   ,0000,2359,MIR,18.2,PNC,7612,,7/1/2022
13757   ,0000,2359,MIR,18.35,PNC,13757,,7/1/2022
14783   ,0000,2359,MIR,19.1,PNC,14783,,7/1/2022
07518   ,0000,2359,MIR,19.2,PNC,7518,,7/1/2022
14766   ,0000,2359,MIR,19.3,PNC,14766,,7/1/2022
12943   ,0000,2359,MIR,19.4,PNC,12943,,7/1/2022
15079   ,0000,2359,MIR,19.4,PNC,15079,,7/1/2022
15098   ,0000,2359,MIR,19.41,PNC,15098,,7/1/2022
14361   ,0000,2359,MIR,19.55,PNC,14361,,7/1/2022
14776   ,0000,2359,MIR,20.17,PNC,14776,,7/1/2022
12452   ,0000,2359,MIR,20.45,PNC,12452,,7/1/2022
10568   ,0000,2359,MIR,20.5,PNC,10568,,7/1/2022
13764   ,0000,2359,MIR,20.5,PNC,13764,,7/1/2022
14763   ,0000,2359,MIR,21,PNC,14763,,7/1/2022
07549   ,0000,2359,MIR,21.25,PNC,7549,,7/1/2022
14423   ,0000,2359,MIR,21.25,PNC,14423,,7/1/2022
18279   ,0000,2359,TUN,21.25,PNT,18279,,7/1/2022
09192   ,0000,2359,MIR,21.3,PNC,9192,,7/1/2022
14473   ,0000,2359,MIR,21.4,PNC,14473,,7/1/2022
09194   ,0000,2359,MIR,21.45,PNC,9194,,7/1/2022
15097   ,0000,2359,MIR,21.5,PNC,15097,,7/1/2022
13385   ,0000,2359,MIR,21.58,PNC,13385,,7/1/2022
13422   ,0000,2359,MIR,21.59,PNC,13422,,7/1/2022
09190   ,0000,2359,MIR,21.9,PNC,9190,,7/1/2022
12932   ,0000,2359,MIR,22.11,PNC,12932,,7/1/2022
14464   ,0000,2359,MIR,22.2,PNC,14464,,7/1/2022
13415   ,0000,2359,MIR,22.33,PNC,13415,,7/1/2022
10314   ,0000,2359,MIR,22.4,PNC,10314,,7/1/2022
14387   ,0000,2359,MIR,22.5,PNC,14387,,7/1/2022
16338   ,0000,2359,MIR,22.5,PNC,16338,,7/1/2022
14420   ,0000,2359,MIR,23,PNC,14420,,7/1/2022
12458   ,0000,2359,MIR,23.15,PNC,12458,,7/1/2022
08928   ,0000,2359,MIR,23.25,PNC,8928,,7/1/2022
15259   ,0000,2359,TUN,23.25,PNT,15259,,7/1/2022
14488   ,0000,2359,MIR,23.27,PNC,14488,,7/1/2022
14662   ,0000,2359,TUN,23.41,PNT,14662,,7/1/2022
11045   ,0000,2359,MIR,23.44,PNC,11045,,7/1/2022
13354   ,0000,2359,MIR,23.48,PNC,13354,,7/1/2022
08927   ,0000,2359,MIR,23.7,PNC,8927,,7/1/2022
13705   ,0000,2359,MIR,24.19,PNC,13705,,7/1/2022
13765   ,0000,2359,MIR,24.35,PNC,13765,,7/1/2022
08810   ,0000,2359,MIR,24.55,PNC,8810,,7/1/2022
10813   ,0000,2359,TUN,25,PNT,10813,,7/1/2022
13423   ,0000,2359,MIR,26.12,PNC,13423,,7/1/2022
13420   ,0000,2359,MIR,26.19,PNC,13420,,7/1/2022
15228   ,0000,2359,TUN,26.55,PNT,15228,,7/1/2022
09184   ,0000,2359,MIR,27.11,PNC,9184,,7/1/2022
15002   ,0000,2359,TUN,27.35,PNT,15002,,7/1/2022
07820   ,0000,2359,TUN,28.17,PNT,7820,,7/1/2022
18284   ,0000,2359,TUN,29.4,PNT,18284,,7/1/2022
15095   ,0000,2359,MIR,29.42,PNC,15095,,7/1/2022
13374   ,0000,2359,TUN,30.25,PNC,13374,,7/1/2022
14734   ,0000,2359,TUN,32,PNT,14734,,7/1/2022
13234   ,0000,2359,TUN,32.25,PNC,13234,,7/1/2022
12195   ,0000,2359,TUN,33.28,PNT,12195,,7/1/2022
08803   ,0000,2359,TUN,33.3,PNC,8803,,7/1/2022
15256   ,0000,2359,TUN,33.5,PNT,15256,,7/1/2022
15151   ,0000,2359,TUN,33.8,PNT,0,,7/1/2022
14973   ,0000,2359,TUN,34.2,PNT,14973,,7/1/2022
10831   ,0000,2359,TUN,34.45,PNT,10831,,7/1/2022
15241   ,0000,2359,TUN,35.1,PNT,15241,,7/1/2022
10303   ,0000,2359,MIR,35.5,PNC,10303,,7/1/2022
11309   ,0000,2359,TUN,36.45,PNC,11309,,7/1/2022
11231   ,0000,2359,TUN,37.2,PNT,11231,,7/1/2022
12619   ,0000,2359,TUN,37.32,PNT,12619,,7/1/2022
13176   ,0000,2359,TUN,37.45,PNT,13176,,7/1/2022
13444   ,0000,2359,TUN,38.36,PNT,13444,,7/1/2022
15257   ,0000,2359,TUN,38.42,PNT,15257,,7/1/2022
13740   ,0000,2359,DJE,38.5,PNC,13740,,7/1/2022
07533   ,0000,2359,TUN,39.18,PNC,7533,,7/1/2022
15143   ,0000,2359,TUN,39.52,PNT,0,,7/1/2022
13178   ,0000,2359,TUN,40.18,PNT,13178,,7/1/2022
13233   ,0000,2359,MIR,40.35,PNC,13233,,7/1/2022
09186   ,0000,2359,MIR,41.35,PNC,9186,,7/1/2022
13424   ,0000,2359,TUN,42.2,PNC,13424,,7/1/2022
14407   ,0000,2359,TUN,42.3,PNC,14407,,7/1/2022
13656   ,0000,2359,TUN,42.35,PNT,13656,,7/1/2022
15156   ,0000,0600,TUN,42.51,PNT,15156,,7/1/2022
07538   ,0000,2359,TUN,42.9,PNC,7538,,7/1/2022
10106   ,0000,2359,TUN,43.16,PNC,10106,,7/1/2022
08418   ,0000,2359,TUN,43.21,PNT,8418,,7/1/2022
13758   ,0000,2359,MIR,43.36,PNC,13758,,7/1/2022
18290   ,0000,2359,TUN,43.42,PNT,18290,,7/1/2022
09173   ,0000,2359,TUN,43.48,PNC,9173,,7/1/2022
18295   ,0000,2359,TUN,44.17,PNT,0,,7/1/2022
14960   ,0000,2359,TUN,44.35,PNT,14960,,7/1/2022
10244   ,0000,2359,TUN,44.55,PNC,10244,,7/1/2022
14728   ,0000,2359,TUN,44.55,PNT,14728,,7/1/2022
18291   ,0000,2359,TUN,45.2,PNT,18291,,7/1/2022
10305   ,0000,2359,TUN,45.25,PNC,10305,,7/1/2022
15154   ,0000,2359,TUN,45.35,PNT,0,,7/1/2022
13397   ,0000,2359,TUN,45.45,PNC,13397,,7/1/2022
13191   ,0000,2359,TUN,45.47,PNT,13191,,7/1/2022
13654   ,0000,2359,TUN,45.5,PNT,13654,,7/1/2022
13659   ,0000,2359,TUN,45.57,PNT,13659,,7/1/2022
07684   ,0000,2359,TUN,46,PNT,7684,,7/1/2022
12599   ,0000,2359,TUN,46.25,PNT,12599,,7/1/2022
13791   ,0000,2359,MIR,46.4,PNC,13791,,7/1/2022
15141   ,0000,2359,TUN,46.55,PNT,15141,,7/1/2022
14655   ,0000,2359,TUN,47,PNT,14655,,7/1/2022
07526   ,0000,2359,TUN,47.25,PNC,7526,,7/1/2022
13247   ,0000,2359,TUN,47.31,PNT,13247,,7/1/2022
14955   ,0000,2359,TUN,47.4,PNT,14955,,7/1/2022
15262   ,0000,2359,TUN,47.4,PNT,15262,,7/1/2022
13810   ,0000,2359,TUN,47.45,PNC,13810,,7/1/2022
15109   ,0000,2359,TUN,47.45,PNC,15109,,7/1/2022
15026   ,0000,2359,TUN,48.15,PNT,15026,,7/1/2022
10457   ,0000,2359,TUN,48.2,PNC,10457,,7/1/2022
13235   ,0000,2359,TUN,48.22,PNC,13235,,7/1/2022
08920   ,0000,2359,TUN,48.4,PNC,8920,,7/1/2022
13379   ,0000,2359,DJE,48.45,PNC,13379,,7/1/2022
13188   ,0000,2359,TUN,49,PNT,13188,,7/1/2022
13731   ,0000,2359,TUN,49.13,PNC,13731,,7/1/2022
12266   ,0000,2359,TUN,49.2,PNC,12266,,7/1/2022
13218   ,0000,2359,TUN,49.47,PNC,13218,,7/1/2022
12953   ,0000,2359,TUN,50.1,PNC,12953,,7/1/2022
13741   ,0000,2359,TUN,50.2,PNC,13741,,7/1/2022
07529   ,0000,2359,DJE,50.2,PNC,7529,,7/1/2022
08926   ,0000,2359,MIR,50.3,PNC,8926,,7/1/2022
15101   ,0000,2359,TUN,50.39,PNC,15101,,7/1/2022
12914   ,0000,2359,TUN,50.4,PNC,12914,,7/1/2022
15261   ,0000,2359,TUN,50.55,PNT,15261,,7/1/2022
07562   ,0000,2359,TUN,50.56,PNC,7562,,7/1/2022
15150   ,0000,2359,TUN,50.58,PNT,0,,7/1/2022
12446   ,0000,2359,TUN,51.1,PNC,12446,,7/1/2022
10311   ,0000,2359,TUN,51.25,PNC,10311,,7/1/2022
14394   ,0000,2359,TUN,51.25,PNC,14394,,7/1/2022
13370   ,0000,2359,DJE,51.28,PNC,13370,,7/1/2022
13611   ,0000,2359,TUN,51.35,PNT,13611,,7/1/2022
10970   ,0000,2359,TUN,51.36,PNC,10970,,7/1/2022
15149   ,0000,2359,TUN,51.39,PNT,0,,7/1/2022
13701   ,0000,2359,TUN,51.4,PNC,13701,,7/1/2022
14768   ,0000,2359,TUN,51.42,PNC,14768,,7/1/2022
14358   ,0000,2359,TUN,51.45,PNC,14358,,7/1/2022
15238   ,0000,2359,TUN,51.5,PNT,15238,,7/1/2022
13391   ,0000,2359,TUN,51.55,PNC,0,,7/1/2022
16341   ,0000,2359,TUN,51.59,PNC,0,,7/1/2022
14756   ,0000,2359,TUN,52.16,PNC,14756,,7/1/2022
12600   ,0000,2359,MIR,52.35,PNT,12600,,7/1/2022
15049   ,0000,2359,TUN,52.35,PNC,15049,,7/1/2022
15065   ,0000,2359,TUN,52.44,PNC,15065,,7/1/2022
18294   ,0000,2359,TUN,52.5,PNT,0,,7/1/2022
13723   ,0000,2359,DJE,53.2,PNC,13723,,7/1/2022
12527   ,0000,2359,TUN,53.22,PNC,12527,,7/1/2022
07610   ,0000,2359,DJE,53.33,PNC,7610,,7/1/2022
14326   ,0000,2359,TUN,53.45,PNC,14326,,7/1/2022
15231   ,0000,2359,TUN,53.5,PNT,15231,,7/1/2022
15008   ,0000,2359,MIR,53.5,PNT,15008,,7/1/2022
16352   ,0000,2359,TUN,53.5,PNC,0,,7/1/2022
12903   ,0000,2359,TUN,53.55,PNC,12903,,7/1/2022
14954   ,0000,2359,TUN,54.33,PNT,14954,,7/1/2022
16334   ,0000,2359,TUN,54.49,PNC,0,,7/1/2022
15260   ,0000,2359,TUN,54.5,PNT,15260,,7/1/2022
13645   ,0000,2359,TUN,54.5,PNT,13645,,7/1/2022
15050   ,0000,2359,TUN,54.55,PNC,15050,,7/1/2022
14761   ,0000,2359,TUN,55.13,PNC,14761,,7/1/2022
12532   ,0000,2359,TUN,55.15,PNC,12532,,7/1/2022
14483   ,0000,2359,TUN,55.43,PNC,14483,,7/1/2022
10465   ,0000,2359,TUN,55.47,PNC,10465,,7/1/2022
13441   ,0000,2359,TUN,55.5,PNT,13441,,7/1/2022
15102   ,0000,2359,TUN,55.5,PNC,15102,,7/1/2022
09197   ,0000,2359,DJE,56.15,PNC,9197,,7/1/2022
13356   ,0000,2359,TUN,56.2,PNC,13356,,7/1/2022
13375   ,0000,2359,TUN,56.32,PNC,13375,,7/1/2022
08878   ,0000,2359,DJE,56.35,PNC,8878,,7/1/2022
13225   ,0000,2359,TUN,56.41,PNC,13225,,7/1/2022
14330   ,0000,2359,TUN,56.42,PNC,14330,,7/1/2022
13236   ,0000,2359,TUN,56.46,PNC,13236,,7/1/2022
14747   ,0000,2359,TUN,56.51,PNC,14747,,7/1/2022
12468   ,0000,2359,TUN,56.6,PNC,12468,,7/1/2022
14478   ,0000,2359,TUN,57,PNC,14478,,7/1/2022
07515   ,0000,2359,DJE,57.17,PNC,7515,,7/1/2022
12487   ,0000,2359,TUN,57.25,PNC,12487,,7/1/2022
12918   ,0000,2359,TUN,57.33,PNC,12918,,7/1/2022
14340   ,0000,2359,TUN,57.35,PNC,14340,,7/1/2022
16342   ,0000,2359,TUN,57.4,PNC,16342,,7/1/2022
14771   ,0000,2359,TUN,57.47,PNC,14771,,7/1/2022
14939   ,0000,2359,TUN,58.11,PNC,14939,,7/1/2022
14350   ,0000,2359,TUN,58.11,PNC,14350,,7/1/2022
13162   ,0000,2359,DJE,58.15,PNT,13162,,7/1/2022
12469   ,0000,2359,TUN,58.15,PNC,12469,,7/1/2022
13708   ,0000,2359,DJE,58.3,PNC,0,,7/1/2022
15229   ,0000,2359,TUN,58.3,PNT,15229,,7/1/2022
14787   ,0000,2359,TUN,58.3,PNC,14787,,7/1/2022
14794   ,0000,2359,TUN,58.45,PNC,14794,,7/1/2022
13411   ,0000,2359,TUN,58.5,PNC,13411,,7/1/2022
14784   ,0000,2359,TUN,58.5,PNC,14784,,7/1/2022
14448   ,0000,2359,TUN,58.52,PNC,14448,,7/1/2022
12485   ,0000,2359,TUN,59.1,PNC,12485,,7/1/2022
12395   ,0000,2359,TUN,59.13,PNC,12395,,7/1/2022
13383   ,0000,2359,TUN,59.18,PNC,13383,,7/1/2022
15043   ,0000,2359,TUN,59.2,PNC,15043,,7/1/2022
12950   ,0000,2359,TUN,59.22,PNC,12950,,7/1/2022
14469   ,0000,2359,TUN,59.24,PNC,14469,,7/1/2022
13641   ,0000,2359,DJE,59.4,PNT,13641,,7/1/2022
13730   ,0000,2359,TUN,59.45,PNC,13730,,7/1/2022
13891   ,0000,2359,TUN,59.45,PNC,13891,,7/1/2022
07593   ,0000,2359,TUN,59.5,PNC,7593,,7/1/2022
12438   ,0000,2359,TUN,60.11,PNC,12438,,7/1/2022
14419   ,0000,2359,TUN,60.15,PNC,14419,,7/1/2022
13210   ,0000,2359,TUN,60.3,PNC,13210,,7/1/2022
13788   ,0000,2359,TUN,60.4,PNC,13788,,7/1/2022
14096   ,0000,2359,MIR,60.9,PNT,14096,,7/1/2022
18277   ,0000,2359,TUN,61,PNT,18277,,7/1/2022
15094   ,0000,2359,TUN,61.1,PNC,15094,,7/1/2022
14319   ,0000,2359,TUN,61.22,PNC,14319,,7/1/2022
15029   ,0000,2359,TUN,61.48,PNC,15029,,7/1/2022
18275   ,0000,2359,TUN,61.54,PNT,18275,,7/1/2022
15089   ,0000,2359,TUN,62.25,PNC,15089,,7/1/2022
14212   ,0000,2359,TUN,62.44,PNC,14212,,7/1/2022
15159   ,0000,2359,TUN,62.5,PNC,15159,,7/1/2022
13724   ,0000,2359,TUN,62.7,PNC,13724,,7/1/2022
14099   ,0000,2359,DJE,62.8,PNT,14099,,7/1/2022
15033   ,0000,2359,TUN,63.52,PNC,15033,,7/1/2022
16339   ,0000,2359,TUN,64.15,PNC,16339,,7/1/2022
12605   ,0000,2359,MIR,64.19,PNT,12605,,7/1/2022
15040   ,0000,2359,TUN,64.24,PNC,15040,,7/1/2022
12197   ,0000,2359,TUN,64.3,PNT,12197,,7/1/2022
15777   ,0000,2359,TUN,64.4,PNC,15777,,7/1/2022
15106   ,0000,2359,TUN,64.43,PNC,15106,,7/1/2022
12940   ,0000,2359,TUN,64.53,PNC,12940,,7/1/2022
14490   ,0000,2359,TUN,64.6,PNC,14490,,7/1/2022
14345   ,0000,2359,TUN,65,PNC,14345,,7/1/2022
15146   ,0000,2359,TUN,65,PNT,0,,7/1/2022
13360   ,0000,2359,TUN,65.14,PNC,13360,,7/1/2022
14406   ,0000,2359,TUN,65.17,PNC,14406,,7/1/2022
15051   ,0000,2359,TUN,65.2,PNC,15051,,7/1/2022
13698   ,0000,2359,TUN,66.1,PNC,13698,,7/1/2022
13165   ,0000,2359,TUN,66.25,PNT,13165,,7/1/2022
15115   ,0000,2359,TUN,66.54,PNC,15115,,7/1/2022
14422   ,0000,2359,TUN,67.36,PNC,14422,,7/1/2022
14458   ,0000,2359,TUN,68.18,PNC,14458,,7/1/2022
14344   ,0000,2359,TUN,68.2,PNC,14344,,7/1/2022
12626   ,0000,2359,DJE,68.3,PNT,12626,,7/1/2022
14436   ,0000,2359,TUN,68.5,PNC,14436,,7/1/2022
12528   ,0000,2359,TUN,68.54,PNC,12528,,7/1/2022
14447   ,0000,2359,TUN,69.5,PNC,14447,,7/1/2022
16335   ,0000,2359,DJE,71.35,PNC,16335,,7/1/2022
14826   ,0000,2359,TUN,71.47,PNC,14826,,7/1/2022
14348   ,0000,2359,TUN,71.5,PNC,14348,,7/1/2022
15070   ,0000,2359,TUN,71.8,PNC,15070,,7/1/2022
12417   ,0000,2359,TUN,73.39,PNC,12417,,7/1/2022
13428   ,0000,2359,TUN,74.34,PNC,13428,,7/1/2022
14482   ,0000,2359,TUN,76.19,PNC,14482,,7/1/2022
15131   ,0000,2359,TUN,78.5,PNC,15131,,7/1/2022
07748   ,0000,2359,DJE,79.4,PNC,7748,,7/1/2022
14782   ,0000,2359,DJE,97.2,PNC,14782,,7/1/2022
14799   ,0100,2300,TUN,0,PNC,14799,,7/1/2022
14364   ,0100,2300,MIR,31.25,PNC,14364,,7/1/2022
07054   ,0100,2300,MIR,32.3,PNC,7054,,7/1/2022
10302   ,0100,2300,MIR,37.3,PNC,10302,,7/1/2022
13767   ,0100,2300,MIR,37.35,PNC,13767,,7/1/2022
10299   ,0100,2300,TUN,39.4,PNC,10299,,7/1/2022
12507   ,0100,2300,TUN,43.35,PNC,12507,,7/1/2022
12614   ,0100,2300,TUN,44.1,PNT,12614,,7/1/2022
12412   ,0100,2300,TUN,45.35,PNC,12412,,7/1/2022
10474   ,0100,2300,TUN,45.4,PNC,10474,,7/1/2022
15006   ,0100,2300,TUN,46.5,PNT,15006,,7/1/2022
12410   ,0100,2300,TUN,47.35,PNC,12410,,7/1/2022
10095   ,0100,2300,TUN,48,PNC,10095,,7/1/2022
08857   ,0100,2300,TUN,49.15,PNC,8857,,7/1/2022
12615   ,0100,2300,TUN,50.25,PNT,12615,,7/1/2022
12419   ,0100,2300,TUN,51.3,PNC,12419,,7/1/2022
15107   ,0100,2300,TUN,51.4,PNC,15107,,7/1/2022
10788   ,0100,2300,TUN,51.5,PNC,10788,,7/1/2022
14470   ,0100,2300,MIR,52,PNC,14470,,7/1/2022
13732   ,0100,2300,TUN,52,PNC,13732,,7/1/2022
15096   ,0100,2300,TUN,52.2,PNC,15096,,7/1/2022
07546   ,0100,2300,TUN,52.25,PNC,7546,,7/1/2022
10971   ,0100,2300,TUN,53.3,PNC,10971,,7/1/2022
12455   ,0100,2300,TUN,54,PNC,12455,,7/1/2022
13355   ,0100,2300,MIR,54.45,PNC,13355,,7/1/2022
09191   ,0100,2300,TUN,54.55,PNC,9191,,7/1/2022
18280   ,0100,2300,TUN,55.1,PNT,18280,,7/1/2022
13161   ,0100,2300,TUN,55.2,PNT,13161,,7/1/2022
14833   ,0100,2300,TUN,55.3,PNC,14833,,7/1/2022
14544   ,0100,2300,TUN,55.4,PNC,14544,,7/1/2022
08855   ,0100,2300,TUN,55.49,PNC,8855,,7/1/2022
14466   ,0100,2300,TUN,55.5,PNC,14466,,7/1/2022
14318   ,0100,2300,TUN,55.5,PNC,14318,,7/1/2022
12493   ,0100,2300,TUN,56,PNC,12493,,7/1/2022
14664   ,0100,2300,TUN,56.2,PNT,14664,,7/1/2022
12638   ,0100,2300,TUN,56.35,PNT,12638,,7/1/2022
13782   ,0100,2300,TUN,56.35,PNC,13782,,7/1/2022
13186   ,0100,2300,TUN,57.4,PNT,13186,,7/1/2022
14657   ,0100,2300,TUN,58.14,PNT,14657,,7/1/2022
07523   ,0100,2300,TUN,58.2,PNC,7523,,7/1/2022
14432   ,0100,2300,TUN,58.3,PNC,14432,,7/1/2022
12233   ,0100,2300,TUN,58.46,PNC,12233,,7/1/2022
11171   ,0100,2300,TUN,58.5,PNC,11171,,7/1/2022
13704   ,0100,2300,MIR,58.55,PNC,13704,,7/1/2022
14454   ,0100,2300,TUN,58.56,PNC,14454,,7/1/2022
13398   ,0100,2300,TUN,58.8,PNC,13398,,7/1/2022
14790   ,0100,2300,TUN,59.2,PNC,14790,,7/1/2022
14465   ,0100,2300,TUN,59.3,PNC,14465,,7/1/2022
15091   ,0100,2300,TUN,59.35,PNC,15091,,7/1/2022
13156   ,0100,2300,TUN,59.35,PNT,13156,,7/1/2022
14788   ,0100,2300,TUN,59.4,PNC,14788,,7/1/2022
14487   ,0100,2300,TUN,59.41,PNC,14487,,7/1/2022
13429   ,0100,2300,TUN,59.5,PNC,13429,,7/1/2022
14632   ,0100,2300,TUN,59.5,PNC,14632,,7/1/2022
14654   ,0100,2300,TUN,59.6,PNT,14654,,7/1/2022
07917   ,0100,2300,TUN,60.19,PNC,7917,,7/1/2022
14769   ,0100,2300,TUN,60.21,PNC,14769,,7/1/2022
14434   ,0100,2300,TUN,60.46,PNC,14434,,7/1/2022
14392   ,0100,2300,TUN,60.5,PNC,14392,,7/1/2022
13358   ,0100,2300,TUN,61.24,PNC,13358,,7/1/2022
14362   ,0100,2300,TUN,61.25,PNC,14362,,7/1/2022
15071   ,0100,2300,TUN,61.4,PNC,15071,,7/1/2022
13388   ,0100,2300,TUN,61.46,PNC,13388,,7/1/2022
06915   ,0100,2300,TUN,61.5,PNC,6915,,7/1/2022
13457   ,0100,2300,TUN,61.5,PNT,13457,,7/1/2022
13378   ,0100,2300,TUN,61.55,PNC,13378,,7/1/2022
14093   ,0100,2300,TUN,62.15,PNT,14093,,7/1/2022
15062   ,0100,2300,TUN,62.15,PNC,15062,,7/1/2022
13430   ,0100,2300,TUN,62.3,PNC,0,,7/1/2022
14343   ,0100,2300,TUN,62.35,PNC,14343,,7/1/2022
13778   ,0100,2300,TUN,62.36,PNC,13778,,7/1/2022
12924   ,0100,2300,TUN,62.4,PNC,12924,,7/1/2022
14402   ,0100,2300,TUN,62.5,PNC,14402,,7/1/2022
07487   ,0100,2300,TUN,63,PNT,7487,,7/1/2022
12496   ,0100,2300,TUN,63.1,PNC,12496,,7/1/2022
10466   ,0100,2300,TUN,63.2,PNC,10466,,7/1/2022
13170   ,0100,2300,TUN,63.36,PNT,13170,,7/1/2022
13612   ,0100,2300,TUN,63.41,PNT,13612,,7/1/2022
18274   ,0100,2300,TUN,63.5,PNT,18274,,7/1/2022
14409   ,0100,2300,TUN,63.5,PNC,14409,,7/1/2022
07041   ,0100,2300,TUN,63.55,PNC,7041,,7/1/2022
13238   ,0100,2300,TUN,63.55,PNC,13238,,7/1/2022
14313   ,0100,2300,TUN,63.55,PNC,14313,,7/1/2022
13230   ,0100,2300,TUN,64.24,PNC,13230,,7/1/2022
14323   ,0100,2300,TUN,64.25,PNC,14323,,7/1/2022
15066   ,0100,2300,TUN,64.3,PNC,15066,,7/1/2022
15105   ,0100,2300,TUN,64.3,PNC,15105,,7/1/2022
14797   ,0100,2300,TUN,64.3,PNC,14797,,7/1/2022
14732   ,0100,2300,TUN,64.35,PNT,14732,,7/1/2022
14357   ,0100,2300,TUN,64.45,PNC,14357,,7/1/2022
15084   ,0100,2300,TUN,65,PNC,15084,,7/1/2022
18282   ,0100,2300,TUN,65,PNT,18282,,7/1/2022
18272   ,0100,2300,TUN,65,PNT,18272,,7/1/2022
12537   ,0100,2300,TUN,65,PNC,12537,,7/1/2022
08424   ,0100,2300,TUN,65,PNT,8424,,7/1/2022
15007   ,0100,2300,TUN,65,PNT,15007,,7/1/2022
12667   ,0100,2300,TUN,65.1,PNT,12667,,7/1/2022
15103   ,0100,2300,TUN,65.15,PNC,15103,,7/1/2022
13774   ,0100,2300,TUN,65.15,PNC,13774,,7/1/2022
15039   ,0100,2300,TUN,65.2,PNC,15039,,7/1/2022
14388   ,0100,2300,TUN,65.2,PNC,14388,,7/1/2022
15034   ,0100,2300,TUN,65.35,PNC,15034,,7/1/2022
15243   ,0100,2300,TUN,65.4,PNT,15243,,7/1/2022
15124   ,0100,2300,TUN,65.4,PNC,15124,,7/1/2022
15080   ,0100,2300,TUN,65.45,PNC,15080,,7/1/2022
07919   ,0100,2300,TUN,65.5,PNC,7919,,7/1/2022
14994   ,0100,2300,TUN,65.5,PNT,14994,,7/1/2022
13343   ,0100,2300,TUN,65.55,PNC,13343,,7/1/2022
14418   ,0100,2300,TUN,65.55,PNC,14418,,7/1/2022
14992   ,0100,2300,TUN,66,PNT,14992,,7/1/2022
15108   ,0100,2300,TUN,66.2,PNC,15108,,7/1/2022
15069   ,0100,2300,TUN,66.27,PNC,15069,,7/1/2022
12504   ,0100,2300,TUN,66.39,PNC,12504,,7/1/2022
13252   ,0100,2300,TUN,66.4,PNC,13252,,7/1/2022
14767   ,0100,2300,TUN,66.4,PNC,14767,,7/1/2022
14315   ,0100,2300,TUN,66.47,PNC,14315,,7/1/2022
13255   ,0100,2300,TUN,66.5,PNC,13255,,7/1/2022
13735   ,0100,2300,TUN,66.5,PNC,13735,,7/1/2022
12945   ,0100,2300,TUN,67.15,PNC,12945,,7/1/2022
13380   ,0100,2300,TUN,67.2,PNC,13380,,7/1/2022
14760   ,0100,2300,TUN,67.25,PNC,0,,7/1/2022
13719   ,0100,2300,TUN,67.3,PNC,13719,,7/1/2022
13427   ,0100,2300,TUN,68.15,PNC,13427,,7/1/2022
11227   ,0100,2300,TUN,68.15,PNT,11227,,7/1/2022
13167   ,0100,2300,TUN,68.3,PNT,13167,,7/1/2022
13734   ,0100,2300,TUN,68.3,PNC,13734,,7/1/2022
14456   ,0100,2300,TUN,68.3,PNC,14456,,7/1/2022
15057   ,0100,2300,TUN,68.35,PNC,15057,,7/1/2022
13216   ,0100,2300,TUN,68.5,PNC,13216,,7/1/2022
15031   ,0100,2300,TUN,69.15,PNC,15031,,7/1/2022
08434   ,0100,2300,TUN,69.3,PNT,8434,,7/1/2022
15160   ,0100,2300,TUN,69.4,PNC,15160,,7/1/2022
15175   ,0100,2300,TUN,69.45,PNC,15175,,7/1/2022
12668   ,0100,2300,TUN,69.45,PNT,12668,,7/1/2022
15232   ,0100,2300,TUN,70,PNT,15232,,7/1/2022
14959   ,0100,2300,TUN,70.2,PNT,14959,,7/1/2022
15048   ,0100,2300,TUN,70.25,PNC,15048,,7/1/2022
16336   ,0100,2300,TUN,70.5,PNC,0,,7/1/2022
13657   ,0100,2300,TUN,70.5,PNT,13657,,7/1/2022
13425   ,0100,2300,TUN,70.5,PNC,13425,,7/1/2022
13219   ,0100,2300,TUN,71.14,PNC,13219,,7/1/2022
13367   ,0100,2300,TUN,71.2,PNC,13367,,7/1/2022
12506   ,0100,2300,TUN,71.2,PNC,12506,,7/1/2022
13874   ,0100,2300,TUN,73.1,PNT,13874,,7/1/2022
13691   ,0100,2300,TUN,73.25,PNC,13691,,7/1/2022
12666   ,0100,2300,TUN,74.3,PNT,12666,,7/1/2022
13875   ,0100,2300,TUN,74.4,PNT,13875,,7/1/2022
14438   ,0100,2300,TUN,74.45,PNC,14438,,7/1/2022
12633   ,0100,2300,TUN,79.2,PNT,12633,,7/1/2022
13739   ,0100,2300,DJE,81.3,PNC,13739,,7/1/2022
13725   ,0100,2300,DJE,83.1,PNC,13725,,7/1/2022
14356   ,0100,2300,DJE,84.32,PNC,14356,,7/1/2022
15111   ,0100,2300,DJE,97.15,PNC,15111,,7/1/2022
14785   ,0100,2300,DJE,98.25,PNC,14785,,7/1/2022
08795   ,0400,1000,TUN,32.5,PNC,8795,,7/1/2022
08813   ,0400,1000,TUN,51.32,PNC,8813,,7/1/2022
13736   ,0400,1000,DJE,56.45,PNC,13736,,7/1/2022
12542   ,0400,1000,TUN,75.29,PNC,12542,,7/1/2022
14958   ,0402,0447,TUN,42.1,PNT,14958,,7/1/2022
18292   ,0402,0447,TUN,62.36,PNT,0,,7/1/2022
10469   ,0500,1700,DJE,47.45,PNC,10469,,7/1/2022
14733   ,0500,1100,TUN,48.11,PNT,14733,,7/1/2022
14667   ,0500,1100,TUN,52.34,PNT,14667,,7/1/2022
15155   ,0500,1100,TUN,53.15,PNT,15155,,7/1/2022
18297   ,0500,1100,TUN,55.27,PNT,0,,7/1/2022
16337   ,0500,1700,DJE,90,PNC,16337,,7/1/2022
12439   ,0600,1800,MIR,14.1,PNC,12439,,7/1/2022
07548   ,0600,1800,MIR,15.4,PNC,7548,,7/1/2022
12409   ,0600,1800,MIR,20.1,PNC,12409,,7/1/2022
15157   ,0600,1800,TUN,52.41,PNT,15157,,7/1/2022
14957   ,0600,1800,TUN,56,PNT,14957,,7/1/2022
08430   ,0600,1800,TUN,60.58,PNT,8430,,7/1/2022
07681   ,0600,1800,DJE,69.25,PNT,7681,,7/1/2022
07816   ,0600,1800,TUN,70.36,PNT,7816,,7/1/2022
15225   ,0601,0739,TUN,31.52,PNT,15225,,7/1/2022
13614   ,0601,0739,TUN,45.36,PNT,13614,,7/1/2022
11044   ,0601,0739,TUN,49.2,PNC,11044,,7/1/2022
13568   ,0601,0739,TUN,57.46,PNC,13568,,7/1/2022
13737   ,0601,0739,TUN,63.46,PNC,13737,,7/1/2022
13347   ,0601,0739,TUN,63.55,PNC,13347,,7/1/2022
14462   ,0601,0739,TUN,63.56,PNC,14462,,7/1/2022
14958   ,0602,0839,DJE,42.1,PNT,14958,,7/1/2022
18292   ,0602,0839,DJE,62.36,PNT,0,,7/1/2022
09196   ,0602,0839,DJE,67.53,PNC,9196,,7/1/2022
12921   ,0602,0839,DJE,88.52,PNC,12921,,7/1/2022
15112   ,0602,0839,DJE,95.37,PNC,15112,,7/1/2022
12280   ,0602,0839,DJE,98.57,PNC,12280,,7/1/2022
11228   ,0649,0906,TUN,51.12,PNT,11228,,7/1/2022
08930   ,0649,0906,TUN,56.19,PNC,8930,,7/1/2022
15092   ,0649,0906,TUN,57.33,PNC,15092,,7/1/2022
12598   ,0656,0841,TUN,57.5,PNT,12598,,7/1/2022
14338   ,0656,0841,TUN,60.4,PNC,14338,,7/1/2022
14408   ,0656,0841,TUN,66.3,PNC,14408,,7/1/2022
15234   ,0656,0841,TUN,67.13,PNT,15234,,7/1/2022
13410   ,0700,1200,MIR,20.5,PNC,13410,,7/1/2022
11172   ,0700,1200,MIR,23.35,PNC,11172,,7/1/2022
12935   ,0700,1200,MIR,24.5,PNC,12935,,7/1/2022
09185   ,0700,1200,MIR,26.1,PNC,9185,,7/1/2022
13714   ,0700,1200,MIR,26.25,PNC,13714,,7/1/2022
10225   ,0700,1200,MIR,28.4,PNC,10225,,7/1/2022
13613   ,0700,1500,TUN,53.3,PNT,13613,,7/1/2022
10460   ,0700,1500,TUN,57.45,PNC,10460,,7/1/2022
07737   ,0700,1500,TUN,61.39,PNC,7737,,7/1/2022
07631   ,0700,1500,MIR,62.5,PNC,7631,,7/1/2022
07926   ,0700,1500,DJE,64.35,PNC,7926,,7/1/2022
10215   ,0725,0920,TUN,40.33,PNC,10215,,7/1/2022
14656   ,0725,0920,TUN,42.1,PNT,14656,,7/1/2022
15227   ,0725,0920,TUN,53.22,PNT,15227,,7/1/2022
14805   ,0725,0920,TUN,54.46,PNC,14805,,7/1/2022
15088   ,0725,0920,TUN,54.46,PNC,15088,,7/1/2022
14653   ,0730,1000,TUN,51.5,PNT,14653,,7/1/2022
18298   ,0745,0845,DJE,55.5,PNT,0,,7/1/2022
12400   ,0800,1400,MIR,14.5,PNC,12400,,7/1/2022
12486   ,0800,1400,MIR,18.1,PNC,12486,,7/1/2022
12399   ,0800,1400,MIR,18.4,PNC,12399,,7/1/2022
08922   ,0800,1400,MIR,24.25,PNC,8922,,7/1/2022
10232   ,0800,1400,TUN,53.45,PNC,10232,,7/1/2022
12484   ,0800,1300,DJE,53.45,PNC,12484,,7/1/2022
14384   ,0800,1400,TUN,56.15,PNC,14384,,7/1/2022
07637   ,0800,1400,TUN,58.41,PNC,0,,7/1/2022
08798   ,0800,1400,TUN,59.38,PNC,8798,,7/1/2022
14332   ,0800,1400,TUN,65.44,PNC,14332,,7/1/2022
15113   ,0800,2000,DJE,87.35,PNC,15113,,7/1/2022
14801   ,0800,2000,DJE,89.33,PNC,14801,,7/1/2022
12947   ,0800,2000,DJE,93.55,PNC,12947,,7/1/2022
14316   ,0800,2000,DJE,94.25,PNC,14316,,7/1/2022
13773   ,0800,1300,DJE,97.58,PNC,13773,,7/1/2022
13738   ,0800,2000,DJE,99.41,PNC,13738,,7/1/2022
13663   ,0900,1500,TUN,31.3,PNT,13663,,7/1/2022
18300   ,0900,1500,TUN,38.15,PNT,0,,7/1/2022
13604   ,0900,1500,TUN,46.36,PNT,13604,,7/1/2022
15239   ,0900,1500,TUN,62,PNT,15239,,7/1/2022
15153   ,0920,1815,TUN,42.5,PNT,0,,7/1/2022
06686   ,0920,1815,TUN,54.25,PNC,6686,,7/1/2022
15035   ,0920,1815,TUN,63.35,PNC,15035,,7/1/2022
11170   ,0920,1815,TUN,63.55,PNC,11170,,7/1/2022
08425   ,0920,1815,TUN,74.2,PNT,8425,,7/1/2022
10811   ,0920,1815,TUN,75.53,PNT,10811,,7/1/2022
14962   ,1000,1230,MIR,40.48,PNT,14962,,7/1/2022
06676   ,1100,1330,MIR,20.45,PNC,6676,,7/1/2022
12264   ,1100,1330,MIR,21.15,PNC,12264,,7/1/2022
14764   ,1100,1330,MIR,24.15,PNC,14764,,7/1/2022
13790   ,1100,1330,MIR,24.5,PNC,13790,,7/1/2022
14653   ,1100,1330,MIR,51.5,PNT,14653,,7/1/2022
18285   ,1100,1330,MIR,59.29,PNT,0,,7/1/2022
18281   ,1105,1235,TUN,52,PNT,18281,,7/1/2022
14834   ,1105,1235,TUN,63.5,PNC,14834,,7/1/2022
10222   ,1105,1235,TUN,65.3,PNC,10222,,7/1/2022
14974   ,1145,1235,TUN,30.5,PNT,14974,,7/1/2022
14998   ,1145,1235,TUN,46.48,PNT,14998,,7/1/2022
18296   ,1145,1235,TUN,53.45,PNT,0,,7/1/2022
10463   ,1145,1235,TUN,55.5,PNC,10463,,7/1/2022
13443   ,1145,1235,TUN,56.4,PNT,13443,,7/1/2022
13409   ,1145,1235,TUN,59.12,PNC,13409,,7/1/2022
14404   ,1145,1235,TUN,63.47,PNC,14404,,7/1/2022
15176   ,1145,1235,TUN,65.56,PNC,15176,,7/1/2022
13399   ,1145,1235,TUN,69.32,PNC,13399,,7/1/2022
13166   ,1145,1235,TUN,76.22,PNT,13166,,7/1/2022
18301   ,1200,1430,TUN,42.2,PNT,0,,7/1/2022
13168   ,1200,1430,TUN,42.4,PNT,13168,,7/1/2022
13254   ,1300,1900,DJE,45.5,PNC,13254,,7/1/2022
10234   ,1300,1900,TUN,45.58,PNC,10234,,7/1/2022
14333   ,1300,1900,TUN,60.53,PNC,14333,,7/1/2022
14457   ,1300,1900,TUN,61.55,PNC,14457,,7/1/2022
15099   ,1300,1900,TUN,62.19,PNC,15099,,7/1/2022
15059   ,1300,1900,TUN,62.56,PNC,15059,,7/1/2022
14349   ,1300,1900,TUN,63.3,PNC,14349,,7/1/2022
12278   ,1300,1900,DJE,91.45,PNC,12278,,7/1/2022
14998   ,1325,1540,DJE,46.48,PNT,14998,,7/1/2022
10463   ,1325,1540,DJE,55.5,PNC,10463,,7/1/2022
13409   ,1325,1540,DJE,59.12,PNC,13409,,7/1/2022
14404   ,1325,1540,DJE,63.47,PNC,14404,,7/1/2022
15176   ,1325,1540,DJE,65.56,PNC,15176,,7/1/2022
13399   ,1325,1540,DJE,69.32,PNC,13399,,7/1/2022
13166   ,1325,1540,DJE,76.22,PNT,13166,,7/1/2022
13644   ,1345,1625,TUN,39,PNT,13644,,7/1/2022
14971   ,1345,1625,TUN,44.45,PNT,14971,,7/1/2022
12955   ,1345,1625,TUN,47.32,PNC,12955,,7/1/2022
13443   ,1345,1605,DJE,56.4,PNT,13443,,7/1/2022
09216   ,1345,1605,DJE,58.5,PNC,9216,,7/1/2022
13722   ,1345,1625,TUN,64.32,PNC,13722,,7/1/2022
07813   ,1345,1605,DJE,70.45,PNT,7813,,7/1/2022
14312   ,1345,1605,DJE,84.5,PNC,14312,,7/1/2022
14804   ,1345,1605,DJE,93.26,PNC,14804,,7/1/2022
14754   ,1345,1605,DJE,95.53,PNC,14754,,7/1/2022
18288   ,1355,1610,TUN,43.34,PNT,18288,,7/1/2022
12440   ,1355,1610,TUN,48.32,PNC,12440,,7/1/2022
14758   ,1355,1610,TUN,51.5,PNC,14758,,7/1/2022
14489   ,1355,1610,TUN,64.15,PNC,14489,,7/1/2022
13193   ,1400,2000,TUN,26.36,PNT,13193,,7/1/2022
15252   ,1400,2000,TUN,27.56,PNT,15252,,7/1/2022
14660   ,1400,2000,TUN,43,PNT,14660,,7/1/2022
15263   ,1400,2000,TUN,55.48,PNT,15263,,7/1/2022
13404   ,1445,1710,TUN,53.44,PNC,13404,,7/1/2022
10972   ,1445,1710,TUN,54.54,PNC,10972,,7/1/2022
13616   ,1445,1710,TUN,55.15,PNT,13616,,7/1/2022
15004   ,1445,1710,TUN,58.29,PNT,15004,,7/1/2022
13775   ,1445,1710,TUN,62.19,PNC,13775,,7/1/2022
15127   ,1445,1710,TUN,64.59,PNC,15127,,7/1/2022
14666   ,1555,1830,TUN,28.25,PNT,14666,,7/1/2022
11052   ,1555,1830,TUN,42.4,PNC,11052,,7/1/2022
14999   ,1555,1830,TUN,59.2,PNT,14999,,7/1/2022
14942   ,1555,1830,TUN,64.51,PNC,14942,,7/1/2022
15130   ,1555,1830,TUN,65.42,PNC,15130,,7/1/2022
13253   ,1800,0000,DJE,43.22,PNC,13253,,7/1/2022
08474   ,1800,0000,TUN,48.41,PNC,8474,,7/1/2022
15132   ,1800,0000,TUN,49.55,PNC,15132,,7/1/2022
14472   ,1800,0000,TUN,54.35,PNC,14472,,7/1/2022
15100   ,1800,0000,TUN,61.36,PNC,15100,,7/1/2022
14471   ,1800,0000,TUN,62.17,PNC,14471,,7/1/2022
14477   ,1800,0000,TUN,65.3,PNC,14477,,7/1/2022
15045   ,1800,0000,TUN,69,PNC,15045,,7/1/2022
13195   ,1900,0100,TUN,32.35,PNT,13195,,7/1/2022
18276   ,1900,0100,TUN,43.11,PNT,18276,,7/1/2022
14998   ,1915,2005,TUN,46.48,PNT,14998,,7/1/2022
12191   ,1915,2005,TUN,56.45,PNT,12191,,7/1/2022
13385   ,2300,0500,MIR,21.58,PNC,13385,,7/1/2022
13420   ,2300,0500,MIR,26.19,PNC,13420,,7/1/2022
07526   ,2300,0500,TUN,47.25,PNC,7526,,7/1/2022
07562   ,2300,0500,TUN,50.56,PNC,7562,,7/1/2022
15049   ,2300,0500,TUN,52.35,PNC,15049,,7/1/2022
14478   ,2300,0500,TUN,57,PNC,14478,,7/1/2022
14771   ,2300,0500,TUN,57.47,PNC,14771,,7/1/2022
14794   ,2300,0500,TUN,58.45,PNC,14794,,7/1/2022
15106   ,2300,0500,TUN,64.43,PNC,15106,,7/1/2022
15175   ,2300,0500,TUN,69.45,PNC,15175,,7/1/2022
14826   ,2300,0500,TUN,71.47,PNC,14826,,7/1/2022
07046   ,0000,2359,TUN,0,PNC,7046,1,7/1/2022
07507   ,0000,2359,TUN,33.45,PNC,7507,1,7/1/2022
08799   ,0000,2359,TUN,38.3,PNC,8799,1,7/1/2022
08929   ,0000,2359,TUN,39.56,PNC,8929,1,7/1/2022
12444   ,0000,2359,TUN,46.3,PNC,12444,1,7/1/2022
12529   ,0000,2359,TUN,50.25,PNC,12529,1,7/1/2022
07512   ,0000,2359,TUN,50.33,PNC,7512,1,7/1/2022
08933   ,0000,2359,TUN,53.1,PNC,8933,1,7/1/2022
08924   ,0000,2359,TUN,58.25,PNC,8924,1,7/1/2022
11076   ,0000,2359,TUN,58.4,PNC,11076,1,7/1/2022
10462   ,0000,2359,TUN,58.45,PNC,10462,1,7/1/2022
10957   ,0000,2359,TUN,58.48,PNC,10957,1,7/1/2022
10228   ,0000,2359,TUN,59.51,PNC,10228,1,7/1/2022
12549   ,0000,2359,TUN,60.46,PNC,12549,1,7/1/2022
12937   ,0000,2359,TUN,60.58,PNC,12937,1,7/1/2022
11079   ,0000,2359,TUN,61.38,PNC,11079,1,7/1/2022
11048   ,0000,2359,TUN,62.39,PNC,11048,1,7/1/2022
12547   ,0000,2359,TUN,62.47,PNC,12547,1,7/1/2022
10245   ,0000,2359,TUN,62.5,PNC,10245,1,7/1/2022
10231   ,0000,2359,TUN,63.44,PNC,10231,1,7/1/2022
12540   ,0000,2359,TUN,64.1,PNC,12540,1,7/1/2022
07589   ,0000,2359,TUN,64.12,PNC,7589,1,7/1/2022
11077   ,0000,2359,TUN,64.21,PNC,11077,1,7/1/2022
10312   ,0000,2359,TUN,66.32,PNC,10312,1,7/1/2022
07531   ,0000,2359,TUN,67.18,PNC,7531,1,7/1/2022
10964   ,0000,2359,TUN,67.18,PNC,10964,1,7/1/2022
11056   ,0000,2359,TUN,67.41,PNC,11056,1,7/1/2022
07608   ,0000,2359,TUN,67.52,PNC,7608,1,7/1/2022
07051   ,0000,2359,TUN,67.56,PNC,7051,1,7/1/2022
07506   ,0000,2359,TUN,72.42,PNC,7506,1,7/1/2022
11078   ,0000,2359,TUN,72.44,PNC,11078,1,7/1/2022
07923   ,0000,2359,TUN,72.59,PNC,7923,1,7/1/2022
10230   ,0000,2359,TUN,75.26,PNC,10230,1,7/1/2022
07502   ,0100,2300,TUN,21.3,PNC,7502,1,7/1/2022
09595   ,0100,2300,TUN,48.24,PNC,9595,1,7/1/2022
07563   ,0100,2300,TUN,50.25,PNC,7563,1,7/1/2022
07922   ,0100,2300,TUN,54.1,PNC,7922,1,7/1/2022
12434   ,0100,2300,TUN,54.4,PNC,12434,1,7/1/2022
06684   ,0100,2300,TUN,56.45,PNC,6684,1,7/1/2022
07525   ,0100,2300,TUN,57,PNC,7525,1,7/1/2022
07537   ,0100,2300,TUN,57.25,PNC,7537,1,7/1/2022
10300   ,0100,2300,TUN,57.25,PNC,10300,1,7/1/2022
07551   ,0100,2300,TUN,59.5,PNC,7551,1,7/1/2022
08804   ,0100,2300,TUN,59.5,PNC,8804,1,7/1/2022
10471   ,0100,2300,TUN,60,PNC,10471,1,7/1/2022
07918   ,0100,2300,TUN,60.1,PNC,7918,1,7/1/2022
08880   ,0100,2300,TUN,62.2,PNC,8880,1,7/1/2022
07053   ,0100,2300,TUN,62.5,PNC,7053,1,7/1/2022
10310   ,0100,2300,TUN,62.5,PNC,10310,1,7/1/2022
08824   ,0100,2300,TUN,62.5,PNC,8824,1,7/1/2022
10969   ,0100,2300,TUN,63.55,PNC,10969,1,7/1/2022
09468   ,0100,2300,TUN,63.55,PNC,9468,1,7/1/2022
11051   ,0100,2300,TUN,64,PNC,11051,1,7/1/2022
08820   ,0100,2300,TUN,64.35,PNC,8820,1,7/1/2022
07495   ,0100,2300,TUN,64.5,PNC,7495,1,7/1/2022
10210   ,0100,2300,TUN,64.55,PNC,10210,1,7/1/2022
07517   ,0100,2300,TUN,65.1,PNC,7517,1,7/1/2022
07607   ,0100,2300,TUN,65.2,PNC,7607,1,7/1/2022
08867   ,0100,2300,TUN,66.15,PNC,8867,1,7/1/2022
12920   ,0100,2300,TUN,68.15,PNC,12920,1,7/1/2022
12497   ,0100,2300,TUN,68.3,PNC,12497,1,7/1/2022
12272   ,0100,2300,TUN,68.35,PNC,12272,1,7/1/2022
12276   ,0100,2300,TUN,68.45,PNC,12276,1,7/1/2022
12422   ,0100,2300,TUN,68.5,PNC,0,1,7/1/2022
12545   ,0100,2300,TUN,68.55,PNC,12545,1,7/1/2022
12536   ,0100,2300,TUN,69.35,PNC,12536,1,7/1/2022
10320   ,0100,2300,TUN,69.45,PNC,10320,1,7/1/2022
12492   ,0100,2300,TUN,70.15,PNC,12492,1,7/1/2022
10297   ,0100,2300,TUN,71.2,PNC,10297,1,7/1/2022
12262   ,0100,2300,TUN,73.5,PNC,12262,1,7/1/2022
10214   ,0100,2300,TUN,74.15,PNC,10214,1,7/1/2022
07630   ,0649,0906,TUN,59.4,PNC,7630,1,7/1/2022
12426   ,0649,0906,TUN,64.14,PNC,12426,1,7/1/2022
10336   ,0649,0906,TUN,68.15,PNC,10336,1,7/1/2022
07535   ,0656,0841,TUN,44.1,PNC,7535,1,7/1/2022
09181   ,0656,0841,TUN,57.29,PNC,9181,1,7/1/2022
07633   ,0700,1500,TUN,46.1,PNC,7633,1,7/1/2022
07519   ,0700,1500,TUN,53.25,PNC,7519,1,7/1/2022
10317   ,0725,0920,TUN,61,PNC,10317,1,7/1/2022
12916   ,0725,0920,TUN,62,PNC,12916,1,7/1/2022
09172   ,0725,0920,TUN,76.55,PNC,9172,1,7/1/2022
12913   ,0800,1400,TUN,51.35,PNC,12913,1,7/1/2022
12425   ,0800,1400,TUN,61.4,PNC,12425,1,7/1/2022
10456   ,0920,1815,TUN,61.1,PNC,10456,1,7/1/2022
12268   ,0920,1815,TUN,63.15,PNC,12268,1,7/1/2022
12269   ,0920,1815,TUN,64.2,PNC,12269,1,7/1/2022
12270   ,0920,1815,TUN,64.46,PNC,12270,1,7/1/2022
10330   ,0920,1815,TUN,67,PNC,10330,1,7/1/2022
08852   ,0920,1815,TUN,68.2,PNC,8852,1,7/1/2022
12424   ,0920,1815,TUN,75.11,PNC,12424,1,7/1/2022
12936   ,1105,1235,TUN,56.17,PNC,12936,1,7/1/2022
09187   ,1300,1900,TUN,44.14,PNC,9187,1,7/1/2022
11057   ,1300,1900,TUN,52.49,PNC,11057,1,7/1/2022
11709   ,1345,1625,TUN,59.2,PNC,11709,1,7/1/2022
07601   ,1345,1625,TUN,64.53,PNC,7601,1,7/1/2022
12405   ,1345,1625,TUN,68.25,PNC,12405,1,7/1/2022
10308   ,1355,1610,TUN,50.55,PNC,10308,1,7/1/2022
06903   ,1445,1710,TUN,57.21,PNC,6903,1,7/1/2022
07924   ,1445,1710,TUN,66.45,PNC,7924,1,7/1/2022
